<?xml version="1.0" encoding="UTF-8"?>
<project-private xmlns="http://www.netbeans.org/ns/project-private/1">
    <editor-bookmarks xmlns="http://www.netbeans.org/ns/editor-bookmarks/2" lastBookmarkId="0"/>
    <open-files xmlns="http://www.netbeans.org/ns/projectui-open-files/2">
        <group>
            <file>file:/C:/Users/musta_000/Desktop/Assingment_Registrovanje%20prodaje%20internet%20paketa/src/main/Main.java</file>
            <file>file:/C:/Users/musta_000/Desktop/Assingment_Registrovanje%20prodaje%20internet%20paketa/src/style/styleCss.css</file>
            <file>file:/C:/Users/musta_000/Desktop/Assingment_Registrovanje%20prodaje%20internet%20paketa/src/model/Packagee_Delete.java</file>
            <file>file:/C:/Users/musta_000/Desktop/Assingment_Registrovanje%20prodaje%20internet%20paketa/src/model/Packagee.java</file>
            <file>file:/C:/Users/musta_000/Desktop/Assingment_Registrovanje%20prodaje%20internet%20paketa/src/view/add_package.fxml</file>
            <file>file:/C:/Users/musta_000/Desktop/Assingment_Registrovanje%20prodaje%20internet%20paketa/src/controller/packageController.java</file>
        </group>
    </open-files>
</project-private>
