<?xml version="1.0" encoding="UTF-8"?>
<project-private xmlns="http://www.netbeans.org/ns/project-private/1">
    <editor-bookmarks xmlns="http://www.netbeans.org/ns/editor-bookmarks/2" lastBookmarkId="0"/>
    <open-files xmlns="http://www.netbeans.org/ns/projectui-open-files/2">
        <group>
            <file>file:/C:/Users/musta_000/Desktop/ASSSSS/InternetPaketi/src/model/Prodaja.java</file>
            <file>file:/C:/Users/musta_000/Desktop/ASSSSS/InternetPaketi/src/main/Main.java</file>
            <file>file:/C:/Users/musta_000/Desktop/ASSSSS/InternetPaketi/src/model/ProdajaStringConverter.java</file>
        </group>
    </open-files>
</project-private>
